<?xml version="1.0" encoding="UTF-8" ?><GUIDE><INFO><AUTHORS><AUTHOR><NAME>Tobias Nteireho</NAME></AUTHOR></AUTHORS><AUTHORID>131944</AUTHORID><TOOL>A2J</TOOL><TOOLVERSION>2012-04-19</TOOLVERSION><AVATAR>avatar1</AVATAR><GUIDEGENDER>female</GUIDEGENDER><AVATARSKINTONE>medium</AVATARSKINTONE><AVATARHAIRCOLOR>brownDark</AVATARHAIRCOLOR><DESCRIPTION>CLS Tangled Titles</DESCRIPTION><JURISDICTION>Jurisdiction of my interview</JURISDICTION><LANGUAGE>en</LANGUAGE><NOTES>10/29/2022 interview created.</NOTES><SENDFEEDBACK>false</SENDFEEDBACK><USEMOBILEUI>false</USEMOBILEUI><SHOWNAVDEFAULT>false</SHOWNAVDEFAULT><SUBJECTAREA>Jurisdiction of my interview</SUBJECTAREA><TITLE>Philly SJ Hackathon 2022 Tangled Titles</TITLE><VERSION>10/29/2022</VERSION><PUBLISHEDVERSION>1667151959308</PUBLISHEDVERSION><VIEWER>A2J</VIEWER><FIRSTPAGE>1-Introduction</FIRSTPAGE></INFO><PAGES><PAGE NAME="1-Introduction" TYPE="A2J" MAPX="60" MAPY="60" STEP="0" NESTED="false"><TEXT><p>The Center for Legal Services’ homeownership unit helps its clients resolve tangled title disputes. A tangled title dispute occurs when the ownership of a house is disputed. Filling out the tangled title forms manually is tedious, repetitive, and time-consuming work. Automating part of this process with a guided interview that generates the final documents will save hundreds of hours a year for advocates. Advocates will be able to spend that saved time on serving more low-income Philadelphians.<br/>
<br/>
About the Non-Profit: Community Legal Services is a non-profit services organization that serves around 10,000 clients every year in a range of legal matters.</p></TEXT><BUTTONS><BUTTON NEXT="2-Name"><LABEL>Continue</LABEL></BUTTON></BUTTONS></PAGE><PAGE NAME="2-Name" TYPE="A2J" MAPX="60" MAPY="300" STEP="0" NESTED="false"><TEXT><P><FONT>Enter your name.</FONT></P></TEXT><BUTTONS><BUTTON NEXT="3-Avatar"><LABEL>Continue</LABEL></BUTTON></BUTTONS><FIELDS><FIELD TYPE="text" ORDER="ASC" REQUIRED="true" CALCULATOR="false"><LABEL>First:</LABEL><NAME>Client first Beneficiary name TE</NAME></FIELD><FIELD TYPE="text" ORDER="ASC" REQUIRED="false" CALCULATOR="false"><LABEL>Middle:</LABEL><NAME>Client middle Beneficiary name TE</NAME></FIELD><FIELD TYPE="text" ORDER="ASC" REQUIRED="true" CALCULATOR="false"><LABEL>Last:</LABEL><NAME>Client last Beneficiary name TE</NAME></FIELD></FIELDS></PAGE><PAGE NAME="3-Avatar" TYPE="A2J" MAPX="60" MAPY="540" STEP="0" NESTED="false"><TEXT>Choose your avatar.</TEXT><BUTTONS><BUTTON NEXT="1-Estate Details 1"><LABEL>Continue</LABEL></BUTTON></BUTTONS><FIELDS><FIELD TYPE="useravatar" REQUIRED="false" CALCULATOR="false"><LABEL>Avatar:</LABEL><NAME>User Avatar</NAME></FIELD></FIELDS></PAGE><PAGE NAME="1-Estate Details 1" TYPE="A2J" MAPX="240" MAPY="60" STEP="1" NESTED="false"><TEXT>Please enter some information about the estate below:</TEXT><BUTTONS><BUTTON NEXT="1-Estate Details 2"><LABEL>Continue</LABEL></BUTTON></BUTTONS><FIELDS><FIELD TYPE="text" REQUIRED="false" CALCULATOR="false"><LABEL>What is the name of the decedent? (Make sure to include any middle initials -- the name here should be the name on the LOA or LT)</LABEL><NAME>Name of estate TE</NAME></FIELD><FIELD TYPE="text" REQUIRED="false" CALCULATOR="false"><LABEL>What is the number of the estate file? (e.g. A1234-2000 or W1234-2000)</LABEL><NAME>Estate file number TE</NAME></FIELD><FIELD TYPE="text" REQUIRED="false" CALCULATOR="false"><LABEL>What is the decedent's social security number?</LABEL><NAME>Decedent SSN TE</NAME></FIELD></FIELDS></PAGE><PAGE NAME="1-Estate Details 2" TYPE="A2J" MAPX="240" MAPY="300" STEP="1" NESTED="false"><TEXT><p>Please enter some information about the estate below</p></TEXT><BUTTONS><BUTTON NEXT="1-Estate Details 3"><LABEL>Continue</LABEL></BUTTON></BUTTONS><FIELDS><FIELD TYPE="datemdy" REQUIRED="false" CALCULATOR="false"><LABEL>What is the date of death of the decedent?</LABEL><NAME>Descedent date of death DA</NAME></FIELD><FIELD TYPE="datemdy" REQUIRED="false" CALCULATOR="false"><LABEL>What date were letters granted on the estate?</LABEL><NAME>Date letters granted DA</NAME></FIELD><FIELD TYPE="text" REQUIRED="false" CALCULATOR="false"><LABEL>What is the last residence of the decedent?</LABEL><NAME>Last residence of decedent TE</NAME></FIELD></FIELDS></PAGE><PAGE NAME="1-Heir 1" TYPE="A2J" MAPX="60" MAPY="1020" STEP="3" NESTED="false"><TEXT>Please enter some details of the personal representative</TEXT><BUTTONS><BUTTON NEXT="1-Heir 2" REPEATVAR="HeirsCount NU"><LABEL>Continue</LABEL></BUTTON></BUTTONS><FIELDS><FIELD TYPE="number" REQUIRED="true" MIN="0" MAX="10" CALCULATOR="false"><LABEL>How many beneficiaries</LABEL><NAME>HeirsCount NU</NAME></FIELD></FIELDS></PAGE><PAGE NAME="1-Representative" TYPE="A2J" MAPX="60" MAPY="780" STEP="2" NESTED="false"><TEXT>Please enter some details of the personal representative</TEXT><BUTTONS><BUTTON NEXT="1-Heir 1"><LABEL>Continue</LABEL></BUTTON></BUTTONS><FIELDS><FIELD TYPE="text" REQUIRED="false" CALCULATOR="false"><LABEL>What is the name of the personal representative?</LABEL><NAME>Name of personal representative TE</NAME></FIELD><FIELD TYPE="text" REQUIRED="false" CALCULATOR="false"><LABEL>What is the address of the personal representative?</LABEL><NAME>Personal rep address TE</NAME></FIELD><FIELD TYPE="text" REQUIRED="false" CALCULATOR="false"><LABEL>What is the phone number of the personal representative?</LABEL><NAME>Personal rep phone TE</NAME></FIELD><FIELD TYPE="text" REQUIRED="false" CALCULATOR="false"><LABEL>What is the email of the personal representative?</LABEL><NAME>Personal rep email TE</NAME></FIELD></FIELDS></PAGE><PAGE NAME="1-Attorney" TYPE="A2J" MAPX="60" MAPY="1260" STEP="4" NESTED="false"><TEXT>Please enter some Attorney Info</TEXT><BUTTONS><BUTTON NEXT="1-Attorney 2"><LABEL>Continue</LABEL></BUTTON></BUTTONS><FIELDS><FIELD TYPE="text" REQUIRED="false" CALCULATOR="false"><LABEL>What is the name of the attorney on the case?</LABEL><NAME>Attorney name TE</NAME></FIELD><FIELD TYPE="text" REQUIRED="false" CALCULATOR="false"><LABEL>What is their Court ID Number?</LABEL><NAME>Attorney Court ID TE</NAME></FIELD><FIELD TYPE="text" REQUIRED="false" CALCULATOR="false"><LABEL>What is the Attorney's firm?</LABEL><NAME>Attorney firm TE</NAME></FIELD></FIELDS></PAGE><PAGE NAME="1-Attorney 2" TYPE="A2J" MAPX="260" MAPY="1260" STEP="4" NESTED="false"><TEXT>Please enter some Attorney Info</TEXT><BUTTONS><BUTTON NEXT="1-Additional questions"><LABEL>Continue</LABEL></BUTTON></BUTTONS><FIELDS><FIELD TYPE="text" REQUIRED="false" CALCULATOR="false"><LABEL>Are they at NPLC, LSLC, or another office?</LABEL><NAME>Attorney firm address TE</NAME></FIELD><FIELD TYPE="text" REQUIRED="false" CALCULATOR="false"><LABEL>What is the attorney's phone number?</LABEL><NAME>Attorney phone TE</NAME></FIELD><FIELD TYPE="text" REQUIRED="false" CALCULATOR="false"><LABEL>What is the attorney's email?</LABEL><NAME>Attorney email TE</NAME></FIELD></FIELDS></PAGE><PAGE NAME="1-Additional questions" TYPE="A2J" MAPX="60" MAPY="1500" STEP="5" NESTED="false"><TEXT>Who is signing the notice to heirs?</TEXT><BUTTONS><BUTTON NEXT="1-Additional questions 2"><LABEL>Continue</LABEL></BUTTON></BUTTONS><FIELDS><FIELD TYPE="radio" REQUIRED="true" CALCULATOR="false"><LABEL>Attorney</LABEL><NAME>Who is signing the notice to heirs TE</NAME><VALUE>Attorney</VALUE></FIELD><FIELD TYPE="radio" REQUIRED="true" CALCULATOR="false"><LABEL>Representative</LABEL><NAME>Who is signing the notice to heirs TE</NAME><VALUE>Representative</VALUE></FIELD></FIELDS><CODEAFTER>IF [Who is signing the notice to heirs TE] = "Attorney"<BR/> SET [Sign heir notice attorney name TE] TO [Attorney name TE]<BR/> SET [Sign heir notice attorney address TE] TO [Attorney firm address TE]<BR/> SET [Sign heir notice attorney phone TE] TO [Attorney phone TE]<BR/> SET [Sign heir notice attorney email TE] TO [Attorney email TE]<BR/> SET [Sign heir notice rep name TE] TO ""<BR/> SET [Sign heir notice rep address TE] TO ""<BR/> SET [Sign heir notice rep phone TE] TO ""<BR/><BR/> SET [Sign heir notice rep email TE] TO ""<BR/>ELSE<BR/> SET [Sign heir notice rep name TE] TO [Name of personal representative TE]<BR/> SET [Sign heir notice rep address TE] TO [Personal rep address TE]<BR/> SET [Sign heir notice rep phone TE] TO [Personal rep phone TE]<BR/> SET [Sign heir notice rep email TE] TO [Personal rep email TE]<BR/><BR/> SET [Sign heir notice attorney name TE] TO ""<BR/> SET [Sign heir notice attorney address TE] TO ""<BR/> SET [Sign heir notice attorney phone TE] TO ""<BR/> SET [Sign heir notice attorney email TE] TO ""<BR/>END IF<BR/></CODEAFTER></PAGE><PAGE NAME="1-Heir 2" TYPE="A2J" MAPX="260" MAPY="1030" STEP="3" REPEATVAR="HeirsCount NU" NESTED="false"><TEXT>Please enter some details of the personal representative</TEXT><BUTTONS><BUTTON NEXT="1-Attorney"><LABEL>Continue</LABEL></BUTTON></BUTTONS><FIELDS><FIELD TYPE="text" REQUIRED="false" CALCULATOR="false"><LABEL>What is the name of the beneficiary/heir?</LABEL><NAME>Beneficiary name TE</NAME></FIELD><FIELD TYPE="text" REQUIRED="false" CALCULATOR="false"><LABEL>What is the address of the beneficiary/heir?</LABEL><NAME>Beneficiary address TE</NAME></FIELD><FIELD TYPE="text" REQUIRED="false" CALCULATOR="false"><LABEL>What is the name of the beneficiary/heir?</LABEL><NAME>Interest in estate as follows TE</NAME></FIELD></FIELDS></PAGE><PAGE NAME="1-Estate Details 3" TYPE="A2J" MAPX="240" MAPY="780" STEP="1" NESTED="false"><TEXT><p>Did the decedent die testate or intestate?</p></TEXT><BUTTONS><BUTTON NEXT="1-Representative"><LABEL>Continue</LABEL></BUTTON></BUTTONS><FIELDS><FIELD TYPE="radio" REQUIRED="true" CALCULATOR="false"><LABEL>Testate</LABEL><NAME>Died testate or intestate TF</NAME><VALUE>true</VALUE></FIELD><FIELD TYPE="radio" REQUIRED="true" CALCULATOR="false"><LABEL>Intestate</LABEL><NAME>Died testate or intestate TF</NAME><VALUE>false</VALUE></FIELD></FIELDS></PAGE><PAGE NAME="1-Additional questions 2" TYPE="A2J" MAPX="90" MAPY="1530" STEP="5" NESTED="false"><TEXT>Who is signing the certification notice?</TEXT><BUTTONS><BUTTON NEXT="1-Additional questions 3"><LABEL>Continue</LABEL></BUTTON></BUTTONS><FIELDS><FIELD TYPE="radio" REQUIRED="true" CALCULATOR="false"><LABEL>Attorney</LABEL><NAME>Who is signing the certification of notice TE</NAME><VALUE>Representative</VALUE></FIELD><FIELD TYPE="radio" REQUIRED="true" CALCULATOR="false"><LABEL>Representative</LABEL><NAME>Who is signing the certification of notice TE</NAME><VALUE>Attorney</VALUE></FIELD></FIELDS><CODEAFTER>IF [Who is signing the certification of notice TE] = "Attorney"<BR/> SET [Sign cert notice attorney name TE] TO [Attorney name TE]<BR/> SET [Sign cert notice attorney address TE] TO [Attorney firm address TE]<BR/> SET [Sign cert notice attorney phone TE] TO [Attorney phone TE]<BR/> SET [Sign cert notice attorney email TE] TO [Attorney email TE]<BR/> SET [Sign cert notice rep name TE] TO ""<BR/> SET [Sign cert notice rep address TE] TO ""<BR/> SET [Sign cert notice rep phone TE] TO ""<BR/> SET [Sign cert notice rep email TE] TO ""<BR/>ELSE<BR/> SET [Sign cert notice rep name TE] TO [Name of personal representative TE]<BR/> SET [Sign cert notice rep address TE] TO [Personal rep address TE]<BR/> SET [Sign cert notice rep phone TE] TO [Personal rep phone TE]<BR/> SET [Sign cert notice rep email TE] TO [Personal rep email TE]<BR/> SET [Sign cert notice attorney name TE] TO ""<BR/> SET [Sign cert notice attorney address TE] TO ""<BR/> SET [Sign cert notice attorney phone TE] TO ""<BR/> SET [Sign cert notice attorney email TE] TO ""<BR/>END IF<BR/></CODEAFTER></PAGE><PAGE NAME="1-Additional questions 3" TYPE="A2J" MAPX="120" MAPY="1560" STEP="5" NESTED="false"><TEXT>Who is signing the satus report?</TEXT><BUTTONS><BUTTON NEXT="Get Document"><LABEL>Continue</LABEL></BUTTON></BUTTONS><FIELDS><FIELD TYPE="radio" REQUIRED="true" CALCULATOR="false"><LABEL>Attorney</LABEL><NAME>Who is signing the status report TE</NAME><VALUE>Attorney</VALUE></FIELD><FIELD TYPE="radio" REQUIRED="true" CALCULATOR="false"><LABEL>Representative</LABEL><NAME>Who is signing the status report TE</NAME><VALUE>Representative</VALUE></FIELD></FIELDS><CODEAFTER>IF [Who is signing the status report TE] = "Attorney"<BR/> SET [Sign status attorney Name TE] TO [Attorney name TE]<BR/> SET [Sign status attorney address TE] TO [Attorney firm address TE]<BR/> SET [Sign status attorney phone TE] TO [Attorney phone TE]<BR/> SET [Sign status attorney email TE] TO [Attorney email TE]<BR/> SET [Sign status rep name TE] TO ""<BR/> SET [Sign status rep addres TE] TO ""<BR/> SET [Sign status rep phone TE] TO ""<BR/> SET [Sign status rep email TE] TO ""<BR/>ELSE<BR/> SET [Who is signing the status report TE] TO [Name of personal representative TE]<BR/> SET [Sign status rep addres TE] TO [Personal rep address TE]<BR/> SET [Sign status rep phone TE] TO [Personal rep phone TE]<BR/> SET [Sign status rep email TE] TO [Personal rep email TE]<BR/> SET [Sign status attorney name TE] TO ""<BR/> SET [Sign status attorney address TE] TO ""<BR/> SET [Sign status attorney phone TE] TO ""<BR/> SET [Sign status attorney email TE] TO ""<BR/>END IF<BR/></CODEAFTER></PAGE><PAGE NAME="Get Document" TYPE="A2J" MAPX="60" MAPY="780" STEP="6" NESTED=""><TEXT>Congratulations! Titles untangled. Click below to get document!</TEXT><BUTTONS><BUTTON NEXT="ASSEMBLE-SUCCESS"><LABEL>Continue</LABEL></BUTTON></BUTTONS></PAGE></PAGES><STEPS><STEP NUMBER="0"><TEXT>Introduction</TEXT></STEP><STEP NUMBER="1"><TEXT>Estate Details</TEXT></STEP><STEP NUMBER="2"><TEXT>Details Of Personal Representative</TEXT></STEP><STEP NUMBER="3"><TEXT>Beneficiary/heir information</TEXT></STEP><STEP NUMBER="4"><TEXT>Attoney Information</TEXT></STEP><STEP NUMBER="5"><TEXT>Additional Questions</TEXT></STEP><STEP NUMBER="6"><TEXT>Get Document</TEXT></STEP></STEPS><VARIABLES><VARIABLE NAME="User Gender" TYPE="MC"/><VARIABLE NAME="User Avatar" TYPE="Text" COMMENT="User Avatar will be used to display appropriate avatar."/><VARIABLE NAME="Client first name TE" TYPE="Text"/><VARIABLE NAME="Client middle name TE" TYPE="Text"/><VARIABLE NAME="Client last name TE" TYPE="Text"/><VARIABLE NAME="A2J Version" TYPE="Text" COMMENT="A2J Author Version"/><VARIABLE NAME="A2J Interview ID" TYPE="Text" COMMENT="Guide ID"/><VARIABLE NAME="A2J Bookmark" TYPE="Text" COMMENT="Current Page"/><VARIABLE NAME="A2J History" TYPE="Text" COMMENT="Progress History List (XML)"/><VARIABLE NAME="A2J Interview Incomplete TF" TYPE="TF" COMMENT="Reached Successful Exit?"/><VARIABLE NAME="A2J Step 0" TYPE="Text"/><VARIABLE NAME="A2J Step 1" TYPE="Text"/><VARIABLE NAME="A2J Step 2" TYPE="Text"/><VARIABLE NAME="A2J Step 3" TYPE="Text"/><VARIABLE NAME="A2J Step 4" TYPE="Text"/><VARIABLE NAME="A2J Step 5" TYPE="Text"/><VARIABLE NAME="A2J Step 6" TYPE="Text"/><VARIABLE NAME="A2J Step 7" TYPE="Text"/><VARIABLE NAME="A2J Step 8" TYPE="Text"/><VARIABLE NAME="A2J Step 9" TYPE="Text"/><VARIABLE NAME="A2J Step 10" TYPE="Text"/><VARIABLE NAME="A2J Step 11" TYPE="Text"/><VARIABLE NAME="A2J Step 12" TYPE="Text"/><VARIABLE NAME="Client full name TE" TYPE="Text"/><VARIABLE NAME="Descedent date of death DA" TYPE="Date"/><VARIABLE NAME="Name of estate TE" TYPE="Text"/><VARIABLE NAME="Estate file number TE" TYPE="Text"/><VARIABLE NAME="Decedent SSN TE" TYPE="Text"/><VARIABLE NAME="Date letters granted DA" TYPE="Date"/><VARIABLE NAME="Last residence of decedent TE" TYPE="Text"/><VARIABLE NAME="Died testate or intestate TF" TYPE="TF"/><VARIABLE NAME="Name of personal representative TE" TYPE="Text"/><VARIABLE NAME="Personal rep address TE" TYPE="Text"/><VARIABLE NAME="Personal rep phone TE" TYPE="Text"/><VARIABLE NAME="Personal rep email TE" TYPE="Text"/><VARIABLE NAME="Beneficiary name TE" TYPE="Text"/><VARIABLE NAME="Beneficiary address TE" TYPE="Text"/><VARIABLE NAME="Interest in estate as follows TE" TYPE="Text"/><VARIABLE NAME="Additional heirs TF" TYPE="TF"/><VARIABLE NAME="Attorney name TE" TYPE="Text"/><VARIABLE NAME="Attorney Court ID TE" TYPE="Text"/><VARIABLE NAME="Attorney firm TE" TYPE="Text"/><VARIABLE NAME="Attorney firm address TE" TYPE="Text"/><VARIABLE NAME="Attorney phone TE" TYPE="Text"/><VARIABLE NAME="Attorney email TE" TYPE="Text"/><VARIABLE NAME="Who is signing the notice to heirs TE" TYPE="Text" REPEATING="true"/><VARIABLE NAME="Who is signing the certification of notice TE" TYPE="Text"/><VARIABLE NAME="Who is signing the status report TE" TYPE="Text"/><VARIABLE NAME="HeirsCount NU" TYPE="Number"/><VARIABLE NAME="test" TYPE="Date"/><VARIABLE NAME="Sign status attorney address TE" TYPE="Text"/><VARIABLE NAME="Sign status attorney email TE" TYPE="Text"/><VARIABLE NAME="Sign status rep email TE" TYPE="Text"/><VARIABLE NAME="Sign status rep name TE" TYPE="Text"/><VARIABLE NAME="Sign status attorney phone TE" TYPE="Text"/><VARIABLE NAME="Sign status attorney Name TE" TYPE="Text"/><VARIABLE NAME="Sign status rep phone TE" TYPE="Text"/><VARIABLE NAME="Sign status rep addres TE" TYPE="Text"/><VARIABLE NAME="Sign heir notice attorney address TE" TYPE="Text"/><VARIABLE NAME="Sign heir notice attorney phone TE" TYPE="Text"/><VARIABLE NAME="Sign heir notice attorney name TE" TYPE="Text"/><VARIABLE NAME="Sign heir notice attorney email TE" TYPE="Text"/><VARIABLE NAME="Sign heir notice rep address TE" TYPE="Text"/><VARIABLE NAME="Sign heir notice rep phone TE" TYPE="Text"/><VARIABLE NAME="Sign heir notice rep email TE" TYPE="Text"/><VARIABLE NAME="Sign cert notice attorney address TE" TYPE="Text"/><VARIABLE NAME="Sign cert notice attorney name TE" TYPE="Text"/><VARIABLE NAME="Sign cert notice attorney phone TE" TYPE="Text"/><VARIABLE NAME="Sign cert notice attorney email TE" TYPE="Text"/><VARIABLE NAME="Sign cert notice rep address TE" TYPE="Text"/><VARIABLE NAME="Sign cert notice rep email TE" TYPE="Text"/><VARIABLE NAME="Sign cert notice rep phone TE" TYPE="Text"/><VARIABLE NAME="Sign cert notice rep name TE" TYPE="Text"/><VARIABLE NAME="Sign heir notice rep name TE" TYPE="Text"/></VARIABLES></GUIDE>