{"authorId":131944,"tool":"A2J","toolversion":"2012-04-19","avatar":"avatar1","avatarSkinTone":"medium","avatarHairColor":"brownDark","guideGender":"female","completionTime":"","copyrights":"","createdate":"","credits":"","description":"CLS Tangled Titles","emailContact":"","jurisdiction":"Jurisdiction of my interview","language":"en","modifydate":"","notes":"10/29/2022 interview created.","sendfeedback":false,"useMobileUI":false,"showNavDefault":false,"subjectarea":"Jurisdiction of my interview","title":"Philly SJ Hackathon 2022 Tangled Titles","version":"10/29/2022","publishedVersion":"1667151959308","viewer":"A2J","endImage":"","logoImage":"","authors":[{"name":"Tobias Nteireho","title":"","organization":"","email":""}],"firstPage":"1-Introduction","exitPage":"","steps":[{"number":"0","text":"Introduction"},{"number":"1","text":"Estate Details"},{"number":"2","text":"Details Of Personal Representative"},{"number":"3","text":"Beneficiary/heir information"},{"number":"4","text":"Attoney Information"},{"number":"5","text":"Additional Questions"},{"number":"6","text":"Get Document"}],"vars":{"user gender":{"name":"User Gender","type":"MC","repeating":false,"comment":""},"user avatar":{"name":"User Avatar","type":"Text","repeating":false,"comment":"User Avatar will be used to display appropriate avatar."},"client first name te":{"name":"Client first name TE","type":"Text","repeating":false,"comment":""},"client middle name te":{"name":"Client middle name TE","type":"Text","repeating":false,"comment":""},"client last name te":{"name":"Client last name TE","type":"Text","repeating":false,"comment":""},"a2j version":{"name":"A2J Version","type":"Text","repeating":false,"comment":"A2J Author Version"},"a2j interview id":{"name":"A2J Interview ID","type":"Text","repeating":false,"comment":"Guide ID"},"a2j bookmark":{"name":"A2J Bookmark","type":"Text","repeating":false,"comment":"Current Page"},"a2j history":{"name":"A2J History","type":"Text","repeating":false,"comment":"Progress History List (XML)"},"a2j interview incomplete tf":{"name":"A2J Interview Incomplete TF","type":"TF","repeating":false,"comment":"Reached Successful Exit?"},"a2j step 0":{"name":"A2J Step 0","type":"Text","repeating":false,"comment":""},"a2j step 1":{"name":"A2J Step 1","type":"Text","repeating":false,"comment":""},"a2j step 2":{"name":"A2J Step 2","type":"Text","repeating":false,"comment":""},"a2j step 3":{"name":"A2J Step 3","type":"Text","repeating":false,"comment":""},"a2j step 4":{"name":"A2J Step 4","type":"Text","repeating":false,"comment":""},"a2j step 5":{"name":"A2J Step 5","type":"Text","repeating":false,"comment":""},"a2j step 6":{"name":"A2J Step 6","type":"Text","repeating":false,"comment":""},"a2j step 7":{"name":"A2J Step 7","type":"Text","repeating":false,"comment":""},"a2j step 8":{"name":"A2J Step 8","type":"Text","repeating":false,"comment":""},"a2j step 9":{"name":"A2J Step 9","type":"Text","repeating":false,"comment":""},"a2j step 10":{"name":"A2J Step 10","type":"Text","repeating":false,"comment":""},"a2j step 11":{"name":"A2J Step 11","type":"Text","repeating":false,"comment":""},"a2j step 12":{"name":"A2J Step 12","type":"Text","repeating":false,"comment":""},"client full name te":{"name":"Client full name TE","type":"Text","repeating":false,"comment":""},"descedent date of death da":{"name":"Descedent date of death DA","type":"Date","repeating":false,"comment":""},"name of estate te":{"name":"Name of estate TE","type":"Text","repeating":false,"comment":""},"estate file number te":{"name":"Estate file number TE","type":"Text","repeating":false,"comment":""},"decedent ssn te":{"name":"Decedent SSN TE","type":"Text","repeating":false,"comment":""},"date letters granted da":{"name":"Date letters granted DA","type":"Date","repeating":false,"comment":""},"last residence of decedent te":{"name":"Last residence of decedent TE","type":"Text","repeating":false,"comment":""},"died testate or intestate tf":{"name":"Died testate or intestate TF","type":"TF","repeating":false,"comment":""},"name of personal representative te":{"name":"Name of personal representative TE","type":"Text","repeating":false,"comment":""},"personal rep address te":{"name":"Personal rep address TE","type":"Text","repeating":false,"comment":""},"personal rep phone te":{"name":"Personal rep phone TE","type":"Text","repeating":false,"comment":""},"personal rep email te":{"name":"Personal rep email TE","type":"Text","repeating":false,"comment":""},"beneficiary name te":{"name":"Beneficiary name TE","type":"Text","repeating":false,"comment":""},"beneficiary address te":{"name":"Beneficiary address TE","type":"Text","repeating":false,"comment":""},"interest in estate as follows te":{"name":"Interest in estate as follows TE","type":"Text","repeating":false,"comment":""},"additional heirs tf":{"name":"Additional heirs TF","type":"TF","repeating":false,"comment":""},"attorney name te":{"name":"Attorney name TE","type":"Text","repeating":false,"comment":""},"attorney court id te":{"name":"Attorney Court ID TE","type":"Text","repeating":false,"comment":""},"attorney firm te":{"name":"Attorney firm TE","type":"Text","repeating":false,"comment":""},"attorney firm address te":{"name":"Attorney firm address TE","type":"Text","repeating":false,"comment":""},"attorney phone te":{"name":"Attorney phone TE","type":"Text","repeating":false,"comment":""},"attorney email te":{"name":"Attorney email TE","type":"Text","repeating":false,"comment":""},"who is signing the notice to heirs te":{"name":"Who is signing the notice to heirs TE","type":"Text","repeating":true,"comment":""},"who is signing the certification of notice te":{"name":"Who is signing the certification of notice TE","type":"Text","repeating":false,"comment":""},"who is signing the status report te":{"name":"Who is signing the status report TE","type":"Text","repeating":false,"comment":""},"heirscount nu":{"name":"HeirsCount NU","type":"Number","repeating":false,"comment":""},"test":{"name":"test","type":"Date","repeating":false,"comment":""},"sign status attorney address te":{"name":"Sign status attorney address TE","type":"Text","repeating":false,"comment":""},"sign status attorney email te":{"name":"Sign status attorney email TE","type":"Text","repeating":false,"comment":""},"sign status rep email te":{"name":"Sign status rep email TE","type":"Text","repeating":false,"comment":""},"sign status rep name te":{"name":"Sign status rep name TE","type":"Text","repeating":false,"comment":""},"sign status attorney phone te":{"name":"Sign status attorney phone TE","type":"Text","repeating":false,"comment":""},"sign status attorney name te":{"name":"Sign status attorney Name TE","type":"Text","repeating":false,"comment":""},"sign status rep phone te":{"name":"Sign status rep phone TE","type":"Text","repeating":false,"comment":""},"sign status rep addres te":{"name":"Sign status rep addres TE","type":"Text","repeating":false,"comment":""},"sign heir notice attorney address te":{"name":"Sign heir notice attorney address TE","type":"Text","repeating":false,"comment":""},"sign heir notice attorney phone te":{"name":"Sign heir notice attorney phone TE","type":"Text","repeating":false,"comment":""},"sign heir notice attorney name te":{"name":"Sign heir notice attorney name TE","type":"Text","repeating":false,"comment":""},"sign heir notice attorney email te":{"name":"Sign heir notice attorney email TE","type":"Text","repeating":false,"comment":""},"sign heir notice rep address te":{"name":"Sign heir notice rep address TE","type":"Text","repeating":false,"comment":""},"sign heir notice rep phone te":{"name":"Sign heir notice rep phone TE","type":"Text","repeating":false,"comment":""},"sign heir notice rep email te":{"name":"Sign heir notice rep email TE","type":"Text","repeating":false,"comment":""},"sign cert notice attorney address te":{"name":"Sign cert notice attorney address TE","type":"Text","repeating":false,"comment":""},"sign cert notice attorney name te":{"name":"Sign cert notice attorney name TE","type":"Text","repeating":false,"comment":""},"sign cert notice attorney phone te":{"name":"Sign cert notice attorney phone TE","type":"Text","repeating":false,"comment":""},"sign cert notice attorney email te":{"name":"Sign cert notice attorney email TE","type":"Text","repeating":false,"comment":""},"sign cert notice rep address te":{"name":"Sign cert notice rep address TE","type":"Text","repeating":false,"comment":""},"sign cert notice rep email te":{"name":"Sign cert notice rep email TE","type":"Text","repeating":false,"comment":""},"sign cert notice rep phone te":{"name":"Sign cert notice rep phone TE","type":"Text","repeating":false,"comment":""},"sign cert notice rep name te":{"name":"Sign cert notice rep name TE","type":"Text","repeating":false,"comment":""},"sign heir notice rep name te":{"name":"Sign heir notice rep name TE","type":"Text","repeating":false,"comment":""}},"pages":{"1-Introduction":{"name":"1-Introduction","type":"A2J","step":0,"repeatVar":"","nested":false,"outerLoopVar":"","text":"<p>The Center for Legal Services’ homeownership unit helps its clients resolve tangled title disputes. A tangled title dispute occurs when the ownership of a house is disputed. Filling out the tangled title forms manually is tedious, repetitive, and time-consuming work. Automating part of this process with a guided interview that generates the final documents will save hundreds of hours a year for advocates. Advocates will be able to spend that saved time on serving more low-income Philadelphians.<br/>\n<br/>\nAbout the Non-Profit: Community Legal Services is a non-profit services organization that serves around 10,000 clients every year in a range of legal matters.</p>","textCitation":"","textAudioURL":"","learn":"","help":"","helpCitation":"","helpMediaLabel":"","helpAudioURL":"","helpReader":"","helpImageURL":"","helpAltText":"","helpVideoURL":"","buttons":[{"label":"Continue","next":"2-Name","url":"","repeatVar":"","repeatVarSet":"","message":"","name":"","value":""}],"fields":[],"codeBefore":"","codeAfter":"","codeCitation":"","notes":""},"2-Name":{"name":"2-Name","type":"A2J","step":0,"repeatVar":"","nested":false,"outerLoopVar":"","text":"<P><FONT>Enter your name.</FONT></P>","textCitation":"","textAudioURL":"","learn":"","help":"","helpCitation":"","helpMediaLabel":"","helpAudioURL":"","helpReader":"","helpImageURL":"","helpAltText":"","helpVideoURL":"","buttons":[{"label":"Continue","next":"3-Avatar","url":"","repeatVar":"","repeatVarSet":"","message":"","name":"","value":""}],"fields":[{"type":"text","label":"First:","name":"Client first Beneficiary name TE","value":"","order":"ASC","required":true,"min":"","max":"","calculator":false,"maxChars":"","listSrc":"","listData":"","sample":"","invalidPrompt":""},{"type":"text","label":"Middle:","name":"Client middle Beneficiary name TE","value":"","order":"ASC","required":false,"min":"","max":"","calculator":false,"maxChars":"","listSrc":"","listData":"","sample":"","invalidPrompt":""},{"type":"text","label":"Last:","name":"Client last Beneficiary name TE","value":"","order":"ASC","required":true,"min":"","max":"","calculator":false,"maxChars":"","listSrc":"","listData":"","sample":"","invalidPrompt":""}],"codeBefore":"","codeAfter":"","codeCitation":"","notes":""},"3-Avatar":{"name":"3-Avatar","type":"A2J","step":0,"repeatVar":"","nested":false,"outerLoopVar":"","text":"Choose your avatar.","textCitation":"","textAudioURL":"","learn":"","help":"","helpCitation":"","helpMediaLabel":"","helpAudioURL":"","helpReader":"","helpImageURL":"","helpAltText":"","helpVideoURL":"","buttons":[{"label":"Continue","next":"1-Estate Details 1","url":"","repeatVar":"","repeatVarSet":"","message":"","name":"","value":""}],"fields":[{"type":"useravatar","label":"Avatar:","name":"User Avatar","value":"","order":"","required":false,"min":"","max":"","calculator":false,"maxChars":"","listSrc":"","listData":"","sample":"","invalidPrompt":""}],"codeBefore":"","codeAfter":"","codeCitation":"","notes":""},"1-Estate Details 1":{"name":"1-Estate Details 1","type":"A2J","step":1,"repeatVar":"","nested":false,"outerLoopVar":"","text":"Please enter some information about the estate below:","textCitation":"","textAudioURL":"","learn":"","help":"","helpCitation":"","helpMediaLabel":"","helpAudioURL":"","helpReader":"","helpImageURL":"","helpAltText":"","helpVideoURL":"","buttons":[{"label":"Continue","next":"1-Estate Details 2","url":"","repeatVar":"","repeatVarSet":"","message":"","name":"","value":""}],"fields":[{"type":"text","label":"What is the name of the decedent? (Make sure to include any middle initials -- the name here should be the name on the LOA or LT)","name":"Name of estate TE","value":"","order":"","required":false,"min":"","max":"","calculator":false,"maxChars":"","listSrc":"","listData":"","sample":"","invalidPrompt":""},{"type":"text","label":"What is the number of the estate file? (e.g. A1234-2000 or W1234-2000)","name":"Estate file number TE","value":"","order":"","required":false,"min":"","max":"","calculator":false,"maxChars":"","listSrc":"","listData":"","sample":"","invalidPrompt":""},{"type":"text","label":"What is the decedent's social security number?","name":"Decedent SSN TE","value":"","order":"","required":false,"min":"","max":"","calculator":false,"maxChars":"","listSrc":"","listData":"","sample":"","invalidPrompt":""}],"codeBefore":"","codeAfter":"","codeCitation":"","notes":""},"1-Estate Details 2":{"name":"1-Estate Details 2","type":"A2J","step":1,"repeatVar":"","nested":false,"outerLoopVar":"","text":"<p>Please enter some information about the estate below</p>","textCitation":"","textAudioURL":"","learn":"","help":"","helpCitation":"","helpMediaLabel":"","helpAudioURL":"","helpReader":"","helpImageURL":"","helpAltText":"","helpVideoURL":"","buttons":[{"label":"Continue","next":"1-Estate Details 3","url":"","repeatVar":"","repeatVarSet":"","message":"","name":"","value":""}],"fields":[{"type":"datemdy","label":"What is the date of death of the decedent?","name":"Descedent date of death DA","value":"","order":"","required":false,"min":"","max":"","calculator":false,"maxChars":"","listSrc":"","listData":"","sample":"","invalidPrompt":""},{"type":"datemdy","label":"What date were letters granted on the estate?","name":"Date letters granted DA","value":"","order":"","required":false,"min":"","max":"","calculator":false,"maxChars":"","listSrc":"","listData":"","sample":"","invalidPrompt":""},{"type":"text","label":"What is the last residence of the decedent?","name":"Last residence of decedent TE","value":"","order":"","required":false,"min":"","max":"","calculator":false,"maxChars":"","listSrc":"","listData":"","sample":"","invalidPrompt":""}],"codeBefore":"","codeAfter":"","codeCitation":"","notes":""},"1-Heir 1":{"name":"1-Heir 1","type":"A2J","step":3,"repeatVar":"","nested":false,"outerLoopVar":"","text":"Please enter some details of the personal representative","textCitation":"","textAudioURL":"","learn":"","help":"","helpCitation":"","helpMediaLabel":"","helpAudioURL":"","helpReader":"","helpImageURL":"","helpAltText":"","helpVideoURL":"","buttons":[{"label":"Continue","next":"1-Heir 2","url":"","repeatVar":"HeirsCount NU","repeatVarSet":"","message":"","name":"","value":""}],"fields":[{"type":"number","label":"How many beneficiaries","name":"HeirsCount NU","value":"","order":"","required":true,"min":"0","max":"10","calculator":false,"maxChars":"","listSrc":"","listData":"","sample":"","invalidPrompt":""}],"codeBefore":"","codeAfter":"","codeCitation":"","notes":""},"1-Representative":{"name":"1-Representative","type":"A2J","step":2,"repeatVar":"","nested":false,"outerLoopVar":"","text":"Please enter some details of the personal representative","textCitation":"","textAudioURL":"","learn":"","help":"","helpCitation":"","helpMediaLabel":"","helpAudioURL":"","helpReader":"","helpImageURL":"","helpAltText":"","helpVideoURL":"","buttons":[{"label":"Continue","next":"1-Heir 1","url":"","repeatVar":"","repeatVarSet":"","message":"","name":"","value":""}],"fields":[{"type":"text","label":"What is the name of the personal representative?","name":"Name of personal representative TE","value":"","order":"","required":false,"min":"","max":"","calculator":false,"maxChars":"","listSrc":"","listData":"","sample":"","invalidPrompt":""},{"type":"text","label":"What is the address of the personal representative?","name":"Personal rep address TE","value":"","order":"","required":false,"min":"","max":"","calculator":false,"maxChars":"","listSrc":"","listData":"","sample":"","invalidPrompt":""},{"type":"text","label":"What is the phone number of the personal representative?","name":"Personal rep phone TE","value":"","order":"","required":false,"min":"","max":"","calculator":false,"maxChars":"","listSrc":"","listData":"","sample":"","invalidPrompt":""},{"type":"text","label":"What is the email of the personal representative?","name":"Personal rep email TE","value":"","order":"","required":false,"min":"","max":"","calculator":false,"maxChars":"","listSrc":"","listData":"","sample":"","invalidPrompt":""}],"codeBefore":"","codeAfter":"","codeCitation":"","notes":""},"1-Attorney":{"name":"1-Attorney","type":"A2J","step":4,"repeatVar":"","nested":false,"outerLoopVar":"","text":"Please enter some Attorney Info","textCitation":"","textAudioURL":"","learn":"","help":"","helpCitation":"","helpMediaLabel":"","helpAudioURL":"","helpReader":"","helpImageURL":"","helpAltText":"","helpVideoURL":"","buttons":[{"label":"Continue","next":"1-Attorney 2","url":"","repeatVar":"","repeatVarSet":"","message":"","name":"","value":""}],"fields":[{"type":"text","label":"What is the name of the attorney on the case?","name":"Attorney name TE","value":"","order":"","required":false,"min":"","max":"","calculator":false,"maxChars":"","listSrc":"","listData":"","sample":"","invalidPrompt":""},{"type":"text","label":"What is their Court ID Number?","name":"Attorney Court ID TE","value":"","order":"","required":false,"min":"","max":"","calculator":false,"maxChars":"","listSrc":"","listData":"","sample":"","invalidPrompt":""},{"type":"text","label":"What is the Attorney's firm?","name":"Attorney firm TE","value":"","order":"","required":false,"min":"","max":"","calculator":false,"maxChars":"","listSrc":"","listData":"","sample":"","invalidPrompt":""}],"codeBefore":"","codeAfter":"","codeCitation":"","notes":""},"1-Attorney 2":{"name":"1-Attorney 2","type":"A2J","step":4,"repeatVar":"","nested":false,"outerLoopVar":"","text":"Please enter some Attorney Info","textCitation":"","textAudioURL":"","learn":"","help":"","helpCitation":"","helpMediaLabel":"","helpAudioURL":"","helpReader":"","helpImageURL":"","helpAltText":"","helpVideoURL":"","buttons":[{"label":"Continue","next":"1-Additional questions","url":"","repeatVar":"","repeatVarSet":"","message":"","name":"","value":""}],"fields":[{"type":"text","label":"Are they at NPLC, LSLC, or another office?","name":"Attorney firm address TE","value":"","order":"","required":false,"min":"","max":"","calculator":false,"maxChars":"","listSrc":"","listData":"","sample":"","invalidPrompt":""},{"type":"text","label":"What is the attorney's phone number?","name":"Attorney phone TE","value":"","order":"","required":false,"min":"","max":"","calculator":false,"maxChars":"","listSrc":"","listData":"","sample":"","invalidPrompt":""},{"type":"text","label":"What is the attorney's email?","name":"Attorney email TE","value":"","order":"","required":false,"min":"","max":"","calculator":false,"maxChars":"","listSrc":"","listData":"","sample":"","invalidPrompt":""}],"codeBefore":"","codeAfter":"","codeCitation":"","notes":""},"1-Additional questions":{"name":"1-Additional questions","type":"A2J","step":5,"repeatVar":"","nested":false,"outerLoopVar":"","text":"Who is signing the notice to heirs?","textCitation":"","textAudioURL":"","learn":"","help":"","helpCitation":"","helpMediaLabel":"","helpAudioURL":"","helpReader":"","helpImageURL":"","helpAltText":"","helpVideoURL":"","buttons":[{"label":"Continue","next":"1-Additional questions 2","url":"","repeatVar":"","repeatVarSet":"","message":"","name":"","value":""}],"fields":[{"type":"radio","label":"Attorney","name":"Who is signing the notice to heirs TE","value":"Attorney","order":"","required":true,"min":"","max":"","calculator":false,"maxChars":"","listSrc":"","listData":"","sample":"","invalidPrompt":""},{"type":"radio","label":"Representative","name":"Who is signing the notice to heirs TE","value":"Representative","order":"","required":true,"min":"","max":"","calculator":false,"maxChars":"","listSrc":"","listData":"","sample":"","invalidPrompt":""}],"codeBefore":"","codeAfter":"IF [Who is signing the notice to heirs TE] = \"Attorney\"<BR/> SET [Sign heir notice attorney name TE] TO [Attorney name TE]<BR/> SET [Sign heir notice attorney address TE] TO [Attorney firm address TE]<BR/> SET [Sign heir notice attorney phone TE] TO [Attorney phone TE]<BR/> SET [Sign heir notice attorney email TE] TO [Attorney email TE]<BR/> SET [Sign heir notice rep name TE] TO \"\"<BR/> SET [Sign heir notice rep address TE] TO \"\"<BR/> SET [Sign heir notice rep phone TE] TO \"\"<BR/><BR/> SET [Sign heir notice rep email TE] TO \"\"<BR/>ELSE<BR/> SET [Sign heir notice rep name TE] TO [Name of personal representative TE]<BR/> SET [Sign heir notice rep address TE] TO [Personal rep address TE]<BR/> SET [Sign heir notice rep phone TE] TO [Personal rep phone TE]<BR/> SET [Sign heir notice rep email TE] TO [Personal rep email TE]<BR/><BR/> SET [Sign heir notice attorney name TE] TO \"\"<BR/> SET [Sign heir notice attorney address TE] TO \"\"<BR/> SET [Sign heir notice attorney phone TE] TO \"\"<BR/> SET [Sign heir notice attorney email TE] TO \"\"<BR/>END IF<BR/>","codeCitation":"","notes":""},"1-Heir 2":{"name":"1-Heir 2","type":"A2J","step":3,"repeatVar":"HeirsCount NU","nested":false,"outerLoopVar":"","text":"Please enter some details of the personal representative","textCitation":"","textAudioURL":"","learn":"","help":"","helpCitation":"","helpMediaLabel":"","helpAudioURL":"","helpReader":"","helpImageURL":"","helpAltText":"","helpVideoURL":"","buttons":[{"label":"Continue","next":"1-Attorney","url":"","repeatVar":"","repeatVarSet":"","message":"","name":"","value":""}],"fields":[{"type":"text","label":"What is the name of the beneficiary/heir?","name":"Beneficiary name TE","value":"","order":"","required":false,"min":"","max":"","calculator":false,"maxChars":"","listSrc":"","listData":"","sample":"","invalidPrompt":""},{"type":"text","label":"What is the address of the beneficiary/heir?","name":"Beneficiary address TE","value":"","order":"","required":false,"min":"","max":"","calculator":false,"maxChars":"","listSrc":"","listData":"","sample":"","invalidPrompt":""},{"type":"text","label":"What is the name of the beneficiary/heir?","name":"Interest in estate as follows TE","value":"","order":"","required":false,"min":"","max":"","calculator":false,"maxChars":"","listSrc":"","listData":"","sample":"","invalidPrompt":""}],"codeBefore":"","codeAfter":"","codeCitation":"","notes":""},"1-Estate Details 3":{"name":"1-Estate Details 3","type":"A2J","step":1,"repeatVar":"","nested":false,"outerLoopVar":"","text":"<p>Did the decedent die testate or intestate?</p>","textCitation":"","textAudioURL":"","learn":"","help":"","helpCitation":"","helpMediaLabel":"","helpAudioURL":"","helpReader":"","helpImageURL":"","helpAltText":"","helpVideoURL":"","buttons":[{"label":"Continue","next":"1-Representative","url":"","repeatVar":"","repeatVarSet":"","message":"","name":"","value":""}],"fields":[{"type":"radio","label":"Testate","name":"Died testate or intestate TF","value":"true","order":"","required":true,"min":"","max":"","calculator":false,"maxChars":"","listSrc":"","listData":"","sample":"","invalidPrompt":""},{"type":"radio","label":"Intestate","name":"Died testate or intestate TF","value":"false","order":"","required":true,"min":"","max":"","calculator":false,"maxChars":"","listSrc":"","listData":"","sample":"","invalidPrompt":""}],"codeBefore":"","codeAfter":"","codeCitation":"","notes":""},"1-Additional questions 2":{"name":"1-Additional questions 2","type":"A2J","step":5,"repeatVar":"","nested":false,"outerLoopVar":"","text":"Who is signing the certification notice?","textCitation":"","textAudioURL":"","learn":"","help":"","helpCitation":"","helpMediaLabel":"","helpAudioURL":"","helpReader":"","helpImageURL":"","helpAltText":"","helpVideoURL":"","buttons":[{"label":"Continue","next":"1-Additional questions 3","url":"","repeatVar":"","repeatVarSet":"","message":"","name":"","value":""}],"fields":[{"type":"radio","label":"Attorney","name":"Who is signing the certification of notice TE","value":"Representative","order":"","required":true,"min":"","max":"","calculator":false,"maxChars":"","listSrc":"","listData":"","sample":"","invalidPrompt":""},{"type":"radio","label":"Representative","name":"Who is signing the certification of notice TE","value":"Attorney","order":"","required":true,"min":"","max":"","calculator":false,"maxChars":"","listSrc":"","listData":"","sample":"","invalidPrompt":""}],"codeBefore":"","codeAfter":"IF [Who is signing the certification of notice TE] = \"Attorney\"<BR/> SET [Sign cert notice attorney name TE] TO [Attorney name TE]<BR/> SET [Sign cert notice attorney address TE] TO [Attorney firm address TE]<BR/> SET [Sign cert notice attorney phone TE] TO [Attorney phone TE]<BR/> SET [Sign cert notice attorney email TE] TO [Attorney email TE]<BR/> SET [Sign cert notice rep name TE] TO \"\"<BR/> SET [Sign cert notice rep address TE] TO \"\"<BR/> SET [Sign cert notice rep phone TE] TO \"\"<BR/> SET [Sign cert notice rep email TE] TO \"\"<BR/>ELSE<BR/> SET [Sign cert notice rep name TE] TO [Name of personal representative TE]<BR/> SET [Sign cert notice rep address TE] TO [Personal rep address TE]<BR/> SET [Sign cert notice rep phone TE] TO [Personal rep phone TE]<BR/> SET [Sign cert notice rep email TE] TO [Personal rep email TE]<BR/> SET [Sign cert notice attorney name TE] TO \"\"<BR/> SET [Sign cert notice attorney address TE] TO \"\"<BR/> SET [Sign cert notice attorney phone TE] TO \"\"<BR/> SET [Sign cert notice attorney email TE] TO \"\"<BR/>END IF<BR/>","codeCitation":"","notes":""},"1-Additional questions 3":{"name":"1-Additional questions 3","type":"A2J","step":5,"repeatVar":"","nested":false,"outerLoopVar":"","text":"Who is signing the satus report?","textCitation":"","textAudioURL":"","learn":"","help":"","helpCitation":"","helpMediaLabel":"","helpAudioURL":"","helpReader":"","helpImageURL":"","helpAltText":"","helpVideoURL":"","buttons":[{"label":"Continue","next":"Get Document","url":"","repeatVar":"","repeatVarSet":"","message":"","name":"","value":""}],"fields":[{"type":"radio","label":"Attorney","name":"Who is signing the status report TE","value":"Attorney","order":"","required":true,"min":"","max":"","calculator":false,"maxChars":"","listSrc":"","listData":"","sample":"","invalidPrompt":""},{"type":"radio","label":"Representative","name":"Who is signing the status report TE","value":"Representative","order":"","required":true,"min":"","max":"","calculator":false,"maxChars":"","listSrc":"","listData":"","sample":"","invalidPrompt":""}],"codeBefore":"","codeAfter":"IF [Who is signing the status report TE] = \"Attorney\"<BR/> SET [Sign status attorney Name TE] TO [Attorney name TE]<BR/> SET [Sign status attorney address TE] TO [Attorney firm address TE]<BR/> SET [Sign status attorney phone TE] TO [Attorney phone TE]<BR/> SET [Sign status attorney email TE] TO [Attorney email TE]<BR/> SET [Sign status rep name TE] TO \"\"<BR/> SET [Sign status rep addres TE] TO \"\"<BR/> SET [Sign status rep phone TE] TO \"\"<BR/> SET [Sign status rep email TE] TO \"\"<BR/>ELSE<BR/> SET [Who is signing the status report TE] TO [Name of personal representative TE]<BR/> SET [Sign status rep addres TE] TO [Personal rep address TE]<BR/> SET [Sign status rep phone TE] TO [Personal rep phone TE]<BR/> SET [Sign status rep email TE] TO [Personal rep email TE]<BR/> SET [Sign status attorney name TE] TO \"\"<BR/> SET [Sign status attorney address TE] TO \"\"<BR/> SET [Sign status attorney phone TE] TO \"\"<BR/> SET [Sign status attorney email TE] TO \"\"<BR/>END IF<BR/>","codeCitation":"","notes":""},"Get Document":{"name":"Get Document","type":"A2J","step":6,"repeatVar":"","outerLoopVar":"","text":"Congratulations! Titles untangled. Click below to get document!","textCitation":"","textAudioURL":"","learn":"","help":"","helpCitation":"","helpMediaLabel":"","helpAudioURL":"","helpReader":"","helpImageURL":"","helpAltText":"","helpVideoURL":"","buttons":[{"label":"Continue","next":"ASSEMBLE-SUCCESS","url":"","repeatVar":"","repeatVarSet":"","message":"","name":"","value":""}],"fields":[],"codeBefore":"","codeAfter":"","codeCitation":"","notes":""}}}