{
	"guideId": "19487",
	"templateId": 4,
	"title": "Status report",
	"active": true,
	"rootNode": {
		"id": "cl9u2rg5200032e6nzaouj06t",
		"tag": "a2j-pdf",
		"state": {
			"operator": "is-true",
			"leftOperand": "",
			"rightOperand": "",
			"rightOperandType": "variable"
		},
		"children": [],
		"hasPdf": true,
		"documentOptions": {
			"fontName": "Arial",
			"fontSize": "12",
			"variableOptions": {
				"client first name te": {
					"overflowStyle": "clip-overflow"
				},
				"name of estate te": {
					"overflowStyle": "clip-overflow"
				},
				"descedent date of death da": {},
				"estate file number te": {
					"overflowStyle": "clip-overflow"
				},
				"personal rep email te": {
					"overflowStyle": "clip-overflow"
				},
				"personal rep phone te": {
					"overflowStyle": "clip-overflow"
				},
				"personal rep address te": {
					"overflowStyle": "clip-overflow"
				},
				"name of personal representative te": {
					"overflowStyle": "clip-overflow"
				},
				"attorney name te": {
					"overflowStyle": "clip-overflow"
				},
				"attorney firm address te": {
					"overflowStyle": "clip-overflow"
				},
				"attorney phone te": {
					"overflowStyle": "clip-overflow"
				},
				"attorney email te": {
					"overflowStyle": "clip-overflow"
				}
			},
			"addendumOptions": {}
		},
		"pages": [
			{
				"domSize": {
					"width": 765,
					"height": 990
				},
				"pdfSize": {
					"width": 612,
					"height": 792
				}
			}
		],
		"boxes": [
			{
				"id": "vb-0",
				"groupId": "",
				"isSelected": false,
				"area": {
					"top": 129,
					"left": 184,
					"width": 513,
					"height": 25
				},
				"page": 0,
				"variable": "Name of estate TE",
				"variableValue": null
			},
			{
				"id": "vb-73",
				"groupId": "",
				"isSelected": false,
				"area": {
					"top": 165,
					"left": 156,
					"width": 216,
					"height": 25
				},
				"page": 0,
				"variable": "Descedent date of death DA",
				"variableValue": null
			},
			{
				"id": "vb-74",
				"groupId": "",
				"isSelected": false,
				"area": {
					"top": 165,
					"left": 463,
					"width": 232,
					"height": 25
				},
				"page": 0,
				"variable": "Estate file number TE",
				"variableValue": null
			},
			{
				"id": "vb-85",
				"groupId": "",
				"isSelected": false,
				"area": {
					"top": 646,
					"left": 385,
					"width": 314,
					"height": 30
				},
				"page": 0,
				"variable": "Attorney name TE",
				"variableValue": null
			},
			{
				"id": "vb-86",
				"groupId": "",
				"isSelected": false,
				"area": {
					"top": 684,
					"left": 384,
					"width": 314,
					"height": 28
				},
				"page": 0,
				"variable": "Attorney firm address TE",
				"variableValue": null
			},
			{
				"id": "vb-88",
				"groupId": "",
				"isSelected": false,
				"area": {
					"top": 750,
					"left": 383,
					"width": 315,
					"height": 27
				},
				"page": 0,
				"variable": "Attorney phone TE",
				"variableValue": null
			},
			{
				"id": "vb-90",
				"groupId": "",
				"isSelected": false,
				"area": {
					"top": 687,
					"left": 29,
					"width": 318,
					"height": 24
				},
				"page": 0,
				"variable": "Name of personal representative TE",
				"variableValue": null
			},
			{
				"id": "vb-91",
				"groupId": "",
				"isSelected": false,
				"area": {
					"top": 723,
					"left": 28,
					"width": 317,
					"height": 23
				},
				"page": 0,
				"variable": "Personal rep address TE",
				"variableValue": null
			},
			{
				"id": "vb-92",
				"groupId": "",
				"isSelected": false,
				"area": {
					"top": 787,
					"left": 26,
					"width": 323,
					"height": 25
				},
				"page": 0,
				"variable": "Personal rep phone TE",
				"variableValue": null
			},
			{
				"id": "vb-93",
				"groupId": "",
				"isSelected": false,
				"area": {
					"top": 791,
					"left": 384,
					"width": 314,
					"height": 22
				},
				"page": 0,
				"variable": "Attorney email TE",
				"variableValue": null
			},
			{
				"id": "vb-94",
				"groupId": "",
				"isSelected": false,
				"area": {
					"top": 825,
					"left": 26,
					"width": 321,
					"height": 23
				},
				"page": 0,
				"variable": "Personal rep email TE",
				"variableValue": null
			}
		]
	},
	"header": "",
	"hideHeaderOnFirstPage": false,
	"footer": "",
	"hideFooterOnFirstPage": false,
	"createdAt": 1667057112235,
	"updatedAt": 1667144989884
}