{
	"guideId": "19487",
	"templateId": 1,
	"title": "Certification of Notice",
	"active": true,
	"rootNode": {
		"id": "cl9u2mzvq00002e6ndw97bwq5",
		"tag": "a2j-pdf",
		"state": {
			"operator": "is-true",
			"leftOperand": "",
			"rightOperand": "",
			"rightOperandType": "variable"
		},
		"children": [],
		"hasPdf": true,
		"documentOptions": {
			"fontName": "Arial",
			"fontSize": "12",
			"variableOptions": {
				"name of estate te": {
					"overflowStyle": "clip-overflow"
				},
				"descedent date of death da": {},
				"estate file number te": {
					"overflowStyle": "clip-overflow"
				},
				"date letters granted da": {},
				"beneficiary name te": {
					"overflowStyle": "clip-overflow"
				},
				"beneficiary address te": {
					"overflowStyle": "clip-overflow"
				},
				"attorney name te": {
					"overflowStyle": "clip-overflow"
				},
				"attorney firm address te": {
					"overflowStyle": "clip-overflow"
				},
				"attorney phone te": {
					"overflowStyle": "clip-overflow"
				},
				"attorney email te": {
					"overflowStyle": "clip-overflow"
				},
				"name of personal representative te": {
					"overflowStyle": "clip-overflow"
				},
				"personal rep address te": {
					"overflowStyle": "clip-overflow"
				},
				"personal rep email te": {
					"overflowStyle": "clip-overflow"
				},
				"personal rep phone te": {
					"overflowStyle": "clip-overflow"
				}
			},
			"addendumOptions": {}
		},
		"pages": [
			{
				"domSize": {
					"width": 765,
					"height": 990
				},
				"pdfSize": {
					"width": 612,
					"height": 792
				}
			}
		],
		"boxes": [
			{
				"id": "vb-33",
				"groupId": "",
				"isSelected": false,
				"area": {
					"top": 158,
					"left": 215,
					"width": 458,
					"height": 25
				},
				"page": 0,
				"variable": "Name of estate TE",
				"variableValue": null
			},
			{
				"id": "vb-34",
				"groupId": "",
				"isSelected": false,
				"area": {
					"top": 182,
					"left": 189,
					"width": 209,
					"height": 25
				},
				"page": 0,
				"variable": "Descedent date of death DA",
				"variableValue": null
			},
			{
				"id": "vb-35",
				"groupId": "",
				"isSelected": false,
				"area": {
					"top": 184,
					"left": 494,
					"width": 177,
					"height": 24
				},
				"page": 0,
				"variable": "Estate file number TE",
				"variableValue": null
			},
			{
				"id": "vb-36",
				"groupId": "",
				"isSelected": false,
				"area": {
					"top": 208,
					"left": 228,
					"width": 444,
					"height": 23
				},
				"page": 0,
				"variable": "Date letters granted DA",
				"variableValue": null
			},
			{
				"id": "vb-39",
				"groupId": "",
				"isSelected": false,
				"area": {
					"top": 395,
					"left": 109,
					"width": 209,
					"height": 23
				},
				"page": 0,
				"variable": "Beneficiary name TE",
				"variableValue": null
			},
			{
				"id": "vb-43",
				"groupId": "",
				"isSelected": false,
				"area": {
					"top": 396,
					"left": 333,
					"width": 341,
					"height": 22
				},
				"page": 0,
				"variable": "Beneficiary address TE",
				"variableValue": null
			},
			{
				"id": "vb-49",
				"groupId": "",
				"isSelected": false,
				"area": {
					"top": 706,
					"left": 379,
					"width": 295,
					"height": 25
				},
				"page": 0,
				"variable": "Attorney name TE",
				"variableValue": null
			},
			{
				"id": "vb-51",
				"groupId": "",
				"isSelected": false,
				"area": {
					"top": 740,
					"left": 380,
					"width": 293,
					"height": 25
				},
				"page": 0,
				"variable": "Attorney firm address TE",
				"variableValue": null
			},
			{
				"id": "vb-57",
				"groupId": "",
				"isSelected": false,
				"area": {
					"top": 799,
					"left": 379,
					"width": 291,
					"height": 28
				},
				"page": 0,
				"variable": "Attorney phone TE",
				"variableValue": null
			},
			{
				"id": "vb-7",
				"groupId": "",
				"isSelected": false,
				"area": {
					"top": 840,
					"left": 378,
					"width": 295,
					"height": 25
				},
				"page": 0,
				"variable": "Attorney email TE",
				"variableValue": null
			},
			{
				"id": "vb-8",
				"groupId": "",
				"isSelected": false,
				"area": {
					"top": 741,
					"left": 65,
					"width": 294,
					"height": 25
				},
				"page": 0,
				"variable": "Name of personal representative TE",
				"variableValue": null
			},
			{
				"id": "vb-9",
				"groupId": "",
				"isSelected": false,
				"area": {
					"top": 772,
					"left": 68,
					"width": 295,
					"height": 25
				},
				"page": 0,
				"variable": "Personal rep address TE",
				"variableValue": null
			},
			{
				"id": "vb-10",
				"groupId": "",
				"isSelected": false,
				"area": {
					"top": 854,
					"left": 64,
					"width": 293,
					"height": 26
				},
				"page": 0,
				"variable": "Personal rep email TE",
				"variableValue": null
			},
			{
				"id": "vb-11",
				"groupId": "",
				"isSelected": false,
				"area": {
					"top": 826,
					"left": 63,
					"width": 295,
					"height": 26
				},
				"page": 0,
				"variable": "Personal rep phone TE",
				"variableValue": null
			}
		]
	},
	"header": "",
	"hideHeaderOnFirstPage": false,
	"footer": "",
	"hideFooterOnFirstPage": false,
	"createdAt": 1667056904538,
	"updatedAt": 1667145002520
}