{
	"guideId": "19487",
	"templateId": 3,
	"title": "Inventory",
	"active": true,
	"rootNode": {
		"id": "cl9u2r2k600022e6nbi9qtngu",
		"tag": "a2j-pdf",
		"state": {
			"operator": "is-true",
			"leftOperand": "",
			"rightOperand": "",
			"rightOperandType": "variable"
		},
		"children": [],
		"hasPdf": true,
		"documentOptions": {
			"fontName": "Arial",
			"fontSize": "12",
			"variableOptions": {
				"name of estate te": {
					"overflowStyle": "clip-overflow"
				},
				"estate file number te": {
					"overflowStyle": "clip-overflow"
				},
				"name of personal representative te": {
					"overflowStyle": "clip-overflow"
				},
				"attorney name te": {
					"overflowStyle": "clip-overflow"
				},
				"attorney court id te": {
					"overflowStyle": "clip-overflow"
				},
				"attorney firm address te": {
					"overflowStyle": "clip-overflow"
				},
				"attorney firm te": {
					"overflowStyle": "clip-overflow"
				},
				"attorney phone te": {
					"overflowStyle": "clip-overflow"
				},
				"descedent date of death da": {},
				"last residence of decedent te": {
					"overflowStyle": "clip-overflow"
				},
				"decedent ssn te": {
					"overflowStyle": "clip-overflow"
				}
			},
			"addendumOptions": {}
		},
		"pages": [
			{
				"domSize": {
					"width": 765,
					"height": 990
				},
				"pdfSize": {
					"width": 612,
					"height": 792
				}
			}
		],
		"boxes": [
			{
				"id": "vb-60",
				"groupId": "",
				"isSelected": false,
				"area": {
					"top": 126,
					"left": 485,
					"width": 235,
					"height": 25
				},
				"page": 0,
				"variable": "Estate file number TE",
				"variableValue": null
			},
			{
				"id": "vb-61",
				"groupId": "",
				"isSelected": false,
				"area": {
					"top": 177,
					"left": 272,
					"width": 453,
					"height": 23
				},
				"page": 0,
				"variable": "Name of personal representative TE",
				"variableValue": null
			},
			{
				"id": "vb-64",
				"groupId": "",
				"isSelected": false,
				"area": {
					"top": 358,
					"left": 146,
					"width": 345,
					"height": 25
				},
				"page": 0,
				"variable": "Attorney name TE",
				"variableValue": null
			},
			{
				"id": "vb-65",
				"groupId": "",
				"isSelected": false,
				"area": {
					"top": 384,
					"left": 158,
					"width": 567,
					"height": 22
				},
				"page": 0,
				"variable": "Attorney firm address TE",
				"variableValue": null
			},
			{
				"id": "vb-66",
				"groupId": "",
				"isSelected": false,
				"area": {
					"top": 358,
					"left": 643,
					"width": 78,
					"height": 28
				},
				"page": 0,
				"variable": "Attorney Court ID TE",
				"variableValue": null
			},
			{
				"id": "vb-67",
				"groupId": "",
				"isSelected": false,
				"area": {
					"top": 408,
					"left": 170,
					"width": 553,
					"height": 22
				},
				"page": 0,
				"variable": "Attorney phone TE",
				"variableValue": null
			},
			{
				"id": "vb-68",
				"groupId": "",
				"isSelected": false,
				"area": {
					"top": 453,
					"left": 42,
					"width": 158,
					"height": 23
				},
				"page": 0,
				"variable": "Descedent date of death DA",
				"variableValue": null
			},
			{
				"id": "vb-69",
				"groupId": "",
				"isSelected": false,
				"area": {
					"top": 454,
					"left": 211,
					"width": 353,
					"height": 20
				},
				"page": 0,
				"variable": "Last residence of decedent TE",
				"variableValue": null
			},
			{
				"id": "vb-70",
				"groupId": "",
				"isSelected": false,
				"area": {
					"top": 453,
					"left": 577,
					"width": 150,
					"height": 20
				},
				"page": 0,
				"variable": "Decedent SSN TE",
				"variableValue": null
			}
		]
	},
	"header": "",
	"hideHeaderOnFirstPage": false,
	"footer": "",
	"hideFooterOnFirstPage": false,
	"createdAt": 1667057094636,
	"updatedAt": 1667140424160
}