{
	"guideId": "19487",
	"templateId": 2,
	"title": "Notice of Estate Administration",
	"active": true,
	"rootNode": {
		"id": "cl9u2ncel00012e6nmqth05an",
		"tag": "a2j-pdf",
		"state": {
			"operator": "is-true",
			"leftOperand": "",
			"rightOperand": "",
			"rightOperandType": "variable"
		},
		"children": [],
		"hasPdf": true,
		"documentOptions": {
			"fontName": "Arial",
			"fontSize": "12",
			"variableOptions": {
				"estate file number te": {
					"overflowStyle": "clip-overflow"
				},
				"beneficiary name te": {
					"overflowStyle": "clip-overflow"
				},
				"beneficiary address te": {
					"overflowStyle": "clip-overflow"
				},
				"descedent date of death da": {},
				"test": {
					"isGroup": false
				},
				"died testate or intestate tf": {},
				"name of personal representative te": {
					"overflowStyle": "clip-overflow"
				},
				"personal rep address te": {
					"overflowStyle": "clip-overflow"
				},
				"personal rep phone te": {
					"overflowStyle": "clip-overflow"
				},
				"name of estate te": {
					"overflowStyle": "clip-overflow"
				},
				"attorney email te": {
					"overflowStyle": "clip-overflow"
				},
				"attorney name te": {
					"overflowStyle": "clip-overflow"
				},
				"attorney firm address te": {
					"overflowStyle": "clip-overflow"
				},
				"attorney phone te": {
					"overflowStyle": "clip-overflow"
				}
			},
			"addendumOptions": {}
		},
		"pages": [
			{
				"domSize": {
					"width": 765,
					"height": 990
				},
				"pdfSize": {
					"width": 612,
					"height": 792
				}
			}
		],
		"boxes": [
			{
				"id": "vb-1",
				"groupId": "",
				"isSelected": false,
				"area": {
					"top": 253,
					"left": 307,
					"width": 210,
					"height": 22
				},
				"page": 0,
				"variable": "Name of estate TE",
				"variableValue": null
			},
			{
				"id": "vb-2",
				"groupId": "",
				"isSelected": false,
				"area": {
					"top": 278,
					"left": 365,
					"width": 103,
					"height": 15
				},
				"page": 0,
				"variable": "Estate file number TE",
				"variableValue": null
			},
			{
				"id": "vb-3",
				"groupId": "",
				"isSelected": false,
				"area": {
					"top": 304,
					"left": 141,
					"width": 416,
					"height": 19
				},
				"page": 0,
				"variable": "Beneficiary name TE",
				"variableValue": null
			},
			{
				"id": "vb-4",
				"groupId": "",
				"isSelected": false,
				"area": {
					"top": 328,
					"left": 146,
					"width": 411,
					"height": 11
				},
				"page": 0,
				"variable": "Beneficiary address TE",
				"variableValue": null
			},
			{
				"id": "vb-5",
				"groupId": "",
				"isSelected": false,
				"area": {
					"top": 360,
					"left": 254,
					"width": 148,
					"height": 15
				},
				"page": 0,
				"variable": "Descedent date of death DA",
				"variableValue": null
			},
			{
				"id": "vb-7",
				"groupId": "",
				"isSelected": false,
				"area": {
					"top": 389,
					"left": 314,
					"width": 14,
					"height": 15
				},
				"page": 0,
				"variable": "Died testate or intestate TF",
				"variableValue": null
			},
			{
				"id": "vb-8",
				"groupId": "",
				"isSelected": false,
				"area": {
					"top": 388,
					"left": 475,
					"width": 17,
					"height": 15
				},
				"page": 0,
				"variable": "Died testate or intestate TF",
				"variableValue": null,
				"isInverted": true
			},
			{
				"id": "vb-9",
				"groupId": "",
				"isSelected": false,
				"area": {
					"top": 539,
					"left": 91,
					"width": 148,
					"height": 15
				},
				"page": 0,
				"variable": "Name of personal representative TE",
				"variableValue": null
			},
			{
				"id": "vb-11",
				"groupId": "",
				"isSelected": false,
				"area": {
					"top": 541,
					"left": 259,
					"width": 344,
					"height": 15
				},
				"page": 0,
				"variable": "Personal rep address TE",
				"variableValue": null
			},
			{
				"id": "vb-13",
				"groupId": "",
				"isSelected": false,
				"area": {
					"top": 540,
					"left": 612,
					"width": 113,
					"height": 15
				},
				"page": 0,
				"variable": "Personal rep phone TE",
				"variableValue": null
			},
			{
				"id": "vb-23",
				"groupId": "",
				"isSelected": false,
				"area": {
					"top": 742,
					"left": 404,
					"width": 266,
					"height": 21
				},
				"page": 0,
				"variable": "Attorney name TE",
				"variableValue": null
			},
			{
				"id": "vb-25",
				"groupId": "",
				"isSelected": false,
				"area": {
					"top": 836,
					"left": 406,
					"width": 265,
					"height": 20
				},
				"page": 0,
				"variable": "Attorney phone TE",
				"variableValue": null
			},
			{
				"id": "vb-31",
				"groupId": "",
				"isSelected": false,
				"area": {
					"top": 866,
					"left": 407,
					"width": 260,
					"height": 18
				},
				"page": 0,
				"variable": "Attorney email TE",
				"variableValue": null
			},
			{
				"id": "vb-6",
				"groupId": "",
				"isSelected": false,
				"area": {
					"top": 777,
					"left": 404,
					"width": 272,
					"height": 21
				},
				"page": 0,
				"variable": "Attorney firm address TE",
				"variableValue": null
			},
			{
				"id": "vb-14",
				"groupId": "",
				"isSelected": false,
				"area": {
					"top": 777,
					"left": 42,
					"width": 295,
					"height": 24
				},
				"page": 0,
				"variable": "Name of personal representative TE",
				"variableValue": null
			},
			{
				"id": "vb-15",
				"groupId": "",
				"isSelected": false,
				"area": {
					"top": 807,
					"left": 41,
					"width": 296,
					"height": 21
				},
				"page": 0,
				"variable": "Personal rep address TE",
				"variableValue": null
			},
			{
				"id": "vb-16",
				"groupId": "",
				"isSelected": false,
				"area": {
					"top": 862,
					"left": 43,
					"width": 291,
					"height": 19
				},
				"page": 0,
				"variable": "Personal rep phone TE",
				"variableValue": null
			},
			{
				"id": "vb-17",
				"groupId": "",
				"isSelected": true,
				"area": {
					"top": 894,
					"left": 43,
					"width": 288,
					"height": 18
				},
				"page": 0,
				"variable": "Personal rep phone TE",
				"variableValue": null
			}
		]
	},
	"header": "",
	"hideHeaderOnFirstPage": false,
	"footer": "",
	"hideFooterOnFirstPage": false,
	"createdAt": 1667056920764,
	"updatedAt": 1667145151325
}